{
  "start_time": "2026-02-18T11:37:58.176183",
  "variant": "neutral",
  "phase_1_elapsed": 173.949364900589,
  "phase_2_elapsed": 195.7215530872345,
  "phase_3_elapsed": 187.68731808662415,
  "phase_4_elapsed": 210.0145502090454,
  "phase_5_elapsed": 259.79288816452026,
  "phase_6_elapsed": 159.4003942012787,
  "phase_7_elapsed": 194.89672303199768,
  "phase_8_elapsed": 161.51381301879883,
  "phase_9_elapsed": 278.74787998199463,
  "total_elapsed": 2107.907717704773,
  "evaluations_count": 9,
  "failed_phases": []
}