{
  "start_time": "2026-02-18T10:40:56.614432",
  "variant": "neutral",
  "phase_1_elapsed": 201.6634759902954,
  "phase_2_elapsed": 183.0362741947174,
  "total_elapsed": 429.70802307128906,
  "evaluations_count": 2,
  "failed_phases": []
}